handle,domain,eligible_for_bounty
ivanti_vdp,ivanti.com,False
ivanti_vdp,ivanti.com,False
anthropic-vdp,claude.ai,False
anthropic-vdp,claude.ai,False
vodafone_oman,vfo03.vodafone.om,True
vodafone_oman,vfo01.vodafone.om,True
vodafone_oman,apix.vodafone.om,True
vodafone_oman,vfo02.vodafone.om,True
vodafone_oman,www.vodafone.om,True
vodafone_oman,www.vodafone.om,True
vodafone_oman,apix.vodafone.om,True
vodafone_oman,vfo01.vodafone.om,True
vodafone_oman,vfo02.vodafone.om,True
vodafone_oman,vfo03.vodafone.om,True
peloton,qa1-cms.onepeloton.com,False
peloton,cosmos-stage.onepeloton.com,False
peloton,cms.onepeloton.com,False
peloton,cosmos.onepeloton.com,False
peloton,auth-test.onepeloton.com,False
peloton,cms.onepeloton.com,False
peloton,cosmos.onepeloton.com,False
peloton,auth-test.onepeloton.com,False
peloton,cosmos-stage.onepeloton.com,False
peloton,qa1-cms.onepeloton.com,False
pagerduty,hackerone.stg.runbook.pagerduty.cloud,False
pagerduty,pentest-uat.pushbot.com,False
pagerduty,events.pagerduty.com,False
pagerduty,api.pagerduty.com,False
pagerduty,*.pagerduty.com,False
pagerduty,www.pagerduty.com,False
pagerduty,*.pagerduty.com,False
pagerduty,events.pagerduty.com,False
pagerduty,api.pagerduty.com,False
pagerduty,pentest-uat.pushbot.com,False
pagerduty,https://hub.docker.com/r/rundeck/rundeck/,False
pagerduty,https://hub.docker.com/r/rundeckpro/enterprise,False
pagerduty,https://hub.docker.com/r/rundeckpro/runner,False
pagerduty,hackerone.stg.runbook.pagerduty.cloud,False
pagerduty,www.pagerduty.com,False
nba-public,content-api-nextgen-prod.nba.com,True
nba-public,content-api-prod.nba.com,True
nba-public,core-api.nba.com,True
nba-public,stats.nba.com,True
nba-public,stats-trafficcop-prod.nba.com,True
nba-public,id.nba.com,True
nba-public,2kleague.nba.com,True
nba-public,cdn.nba.com,True
nba-public,gleague.nba.com,True
nba-public,cms.nba.com,True
nba-public,identity.nba.com,True
nba-public,bal.nba.com,True
nba-public,www.nba.com,True
nba-public,www.nba.com,True
nba-public,gleague.nba.com,True
nba-public,2kleague.nba.com,True
nba-public,bal.nba.com,True
nba-public,content-api-nextgen-prod.nba.com,True
nba-public,content-api-prod.nba.com,True
nba-public,core-api.nba.com,True
nba-public,id.nba.com,True
nba-public,stats-trafficcop-prod.nba.com,True
nba-public,cdn.nba.com,True
nba-public,cms.nba.com,True
nba-public,stats.nba.com,True
nba-public,identity.nba.com,True
prudential-financial,*.prudential.com,False
prudential-financial,*.prudential.com,False
oportun_vdp,api.digit.co,False
oportun_vdp,creditcards.oportun.com,False
oportun_vdp,digit.co,False
oportun_vdp,digit-gateway-prod1.oportun.com,False
oportun_vdp,creditcard.oportun.com,False
oportun_vdp,ecneulfnoc.oportun.com,False
oportun_vdp,juno-srs.oportun.com,False
oportun_vdp,jira.oportun.com,False
oportun_vdp,kiosk.oportun.com,False
oportun_vdp,operations.oportun.com,False
oportun_vdp,offers.oportun.com,False
oportun_vdp,oe1.oportun.com,False
oportun_vdp,oe.oportun.com,False
oportun_vdp,quickapply.oportun.com,False
oportun_vdp,services.oportun.com,False
oportun_vdp,space.oportun.com,False
oportun_vdp,aplica.oportun.com,False
oportun_vdp,arij.oportun.com,False
oportun_vdp,collections.oportun.com,False
oportun_vdp,confluence.oportun.com,False
oportun_vdp,callback.oportun.com,False
oportun_vdp,account.oportun.com,False
oportun_vdp,oportun.com,False
oportun_vdp,apply.oportun.com,False
oportun_vdp,apply.oportun.com,False
oportun_vdp,https://account.oportun.com/services,False
oportun_vdp,https://account.oportun.com/creditcards,False
oportun_vdp,oportun.com,False
oportun_vdp,creditcards.oportun.com,False
oportun_vdp,digit.co,False
oportun_vdp,api.digit.co,False
oportun_vdp,account.oportun.com,False
oportun_vdp,aplica.oportun.com,False
oportun_vdp,arij.oportun.com,False
oportun_vdp,callback.oportun.com,False
oportun_vdp,collections.oportun.com,False
oportun_vdp,confluence.oportun.com,False
oportun_vdp,creditcard.oportun.com,False
oportun_vdp,digit-gateway-prod1.oportun.com,False
oportun_vdp,ecneulfnoc.oportun.com,False
oportun_vdp,jira.oportun.com,False
oportun_vdp,juno-srs.oportun.com,False
oportun_vdp,kiosk.oportun.com,False
oportun_vdp,oe.oportun.com,False
oportun_vdp,oe1.oportun.com,False
oportun_vdp,offers.oportun.com,False
oportun_vdp,operations.oportun.com,False
oportun_vdp,quickapply.oportun.com,False
oportun_vdp,services.oportun.com,False
oportun_vdp,space.oportun.com,False
moov,gateway.moov.io,False
moov,infra-oss.moov.io,False
moov,oss.moov.io,False
moov,tools.cards.moov.io,False
moov,cards.moov.io,False
moov,tools.moov.io,False
moov,moov.io,False
moov,dashboard.moov.io,False
moov,api.moov.io,False
moov,dashboard.moov.io,False
moov,api.moov.io,False
moov,cards.moov.io,False
moov,gateway.moov.io,False
moov,infra-oss.moov.io,False
moov,moov.io,False
moov,oss.moov.io,False
moov,tools.cards.moov.io,False
moov,tools.moov.io,False
tim_hortons_vdp,*api.timsfinancial.ca,False
tim_hortons_vdp,*timsfinancial.ca,False
tim_hortons_vdp,*timsfinancial.ca,False
tim_hortons_vdp,*api.timsfinancial.ca,False
tim_hortons_vdp,https://use1-staging-th.rbictg.com/graphql,False
6sense-vdp,https://6sense.com/platform/sales/signup,False
6sense-vdp,https://chromewebstore.google.com/detail/6sense-si-extension-for-c/mkpoonlmiaknmcdcmdhbnehhglndcolf?hl=en,False
productboard,*.productboard.com,False
productboard,*.satismeter.com,False
productboard,*.productboard.com,False
productboard,*.satismeter.com,False
render,render.com,False
render,dashboard.render.com,False
render,render.com,False
render,dashboard.render.com,False
timelycare,sandbox.timelycare.com,False
timelycare,sandbox.timelycare.com,False
dib-vdp,47.206.114.79,False
dib-vdp,74.85.94.213,False
dib-vdp,74.85.94.211,False
dib-vdp,gw-cpep.esailcloud.com,False
dib-vdp,gw-sea.esailcloud.com,False
dib-vdp,gw.esailcloud.com,False
dib-vdp,sdpgw01.cymycloud.com,False
dib-vdp,gw01.cymycloud.com,False
dib-vdp,gw02.cymycloud.com,False
dib-vdp,ns1.ext.cymycloud.com,False
dib-vdp,ns2.ext.cymycloud.com,False
dib-vdp,sdpcon01.cymycloud.com,False
dib-vdp,tenant-mail01.orl01.cymycloud.com,False
dib-vdp,tenant-svc-fw-01.orl01.cymycloud.com,False
dib-vdp,tenantgw01.orl01.cymycloud.com,False
dib-vdp,cm-gw01.cybermyte.io,False
dib-vdp,admin-edge01.orl01.cymycloud.io,False
dib-vdp,*.hxfivelaunch.com,False
dib-vdp,*.dese.com,False
dib-vdp,*.alex-as.com,False
dib-vdp,*.alexamerican.com,False
dib-vdp,*.americansystems.com,False
dib-vdp,*.autodiscover.americansystems.com,False
dib-vdp,*.ddlomni.com,False
dib-vdp,*.nhaero.com,False
dib-vdp,https://www.nucleussec.com,False
dib-vdp,http://www.nucleussec.com,False
dib-vdp,47.206.114.79,False
dib-vdp,https://test.nucleussec.com,False
dib-vdp,http://umdintl.sharepoint.us,False
dib-vdp,http://hxfive.sharepoint.com,False
dib-vdp,http://test.nucleussec.com,False
dib-vdp,http://hxfiveservice.com,False
dib-vdp,http://hxfive.com,False
dib-vdp,electroimpact.com,False
dib-vdp,www.ariacoustics.com,False
dib-vdp,74.85.94.220,False
dib-vdp,74.85.94.215,False
dib-vdp,74.85.94.213,False
dib-vdp,74.85.94.212,False
dib-vdp,74.85.94.211,False
dib-vdp,76.191.116.189,False
dib-vdp,76.191.116.187,False
dib-vdp,76.191.116.185,False
dib-vdp,76.191.116.183,False
dib-vdp,gw-alex.esailcloud.com,False
dib-vdp,gw-cpep.esailcloud.com,False
dib-vdp,gw-sea.esailcloud.com,False
dib-vdp,gw.esailcloud.com,False
dib-vdp,public.esailcloud.com,False
dib-vdp,http://vpn.elevi.net,False
dib-vdp,http://www.elevi.net,False
dib-vdp,sdpgw01.cymycloud.com,False
dib-vdp,gw01.cymycloud.com,False
dib-vdp,gw02.cymycloud.com,False
dib-vdp,ns1.ext.cymycloud.com,False
dib-vdp,ns2.ext.cymycloud.com,False
dib-vdp,sdpcon01.cymycloud.com,False
dib-vdp,tenant-mail01.orl01.cymycloud.com,False
dib-vdp,tenant-svc-fw-01.orl01.cymycloud.com,False
dib-vdp,tenantgw01.orl01.cymycloud.com,False
dib-vdp,cm-gw01.cybermyte.io,False
dib-vdp,http://cybermyte.io,False
dib-vdp,admin-edge01.orl01.cymycloud.io,False
dib-vdp,admin-sdpcon01.orl01.cymycloud.io,False
dib-vdp,38.77.128.194,False
dib-vdp,learning.raicescyberacademy.org,False
dib-vdp,www.raicescon.org,False
dib-vdp,milrecruiter.com,False
dib-vdp,mail01.orl01.cymysecure.com,False
dib-vdp,38.77.128.195,False
dib-vdp,challenge.cymy.io,False
dib-vdp,dev-edge01.cymy.io,False
dib-vdp,dev-gw01.cymy.io,False
dib-vdp,dev-sdp01.cymy.io,False
dib-vdp,https://access-auth.caci.com,False
dib-vdp,https://access-dr-auth.caci.com,False
dib-vdp,https://acquisitions.caci.com,False
dib-vdp,https://apps.caci.com,False
dib-vdp,https://artifactory.csde.caci.com,False
dib-vdp,https://bglogin.caci.com,False
dib-vdp,https://blackduck-com.caci.com,False
dib-vdp,https://cast.caci.com,False
dib-vdp,https://castportal.caci.com,False
dib-vdp,https://cfa1.caci.com,False
dib-vdp,https://cic.caci.com,False
dib-vdp,https://cis-epm.caci.com,False
dib-vdp,https://cis-epohdlr-02a.caci.com,False
dib-vdp,https://cis-tpm.caci.com,False
dib-vdp,https://cmr.caci.com,False
dib-vdp,https://codeguardian-veeam.caci.com,False
dib-vdp,https://comprizon.caci.com,False
dib-vdp,https://confluence.csde.caci.com,False
dib-vdp,https://controlleddelivery.caci.com,False
dib-vdp,https://corianservicedesk.caci.com,False
dib-vdp,https://cp.caci.com,False
dib-vdp,https://cptestnext.caci.com,False
dib-vdp,https://csde.caci.com,False
dib-vdp,https://csgsurveys.caci.com,False
dib-vdp,https://delivery.caci.com,False
dib-vdp,https://draco.caci.com,False
dib-vdp,https://ext-ebsods.caci.com,False
dib-vdp,https://ext-ebsodsoauth.caci.com,False
dib-vdp,https://extpass.caci.com,False
dib-vdp,https://gitlab.csde.caci.com,False
dib-vdp,https://harbor.csde.caci.com,False
dib-vdp,https://home.caci.com,False
dib-vdp,https://hudocfo.caci.com,False
dib-vdp,https://irmai.caci.com,False
dib-vdp,https://jenkins.nm.caci.com,False
dib-vdp,https://jira.cirras.caci.com,False
dib-vdp,https://jira.csde.caci.com,False
dib-vdp,https://keycloak.csde.caci.com,False
dib-vdp,https://kurt-prod.caci.com,False
dib-vdp,https://lcv.caci.com,False
dib-vdp,https://lepus.caci.com,False
dib-vdp,https://libra.caci.com,False
dib-vdp,https://login.caci.com,False
dib-vdp,https://mimir.caci.com,False
dib-vdp,https://mockup.smds.caci.com,False
dib-vdp,https://moveit.caci.com,False
dib-vdp,https://mybd.caci.com,False
dib-vdp,https://mydesktop.caci.com,False
dib-vdp,https://mydesktopdr.caci.com,False
dib-vdp,https://mysites.caci.com,False
dib-vdp,https://passchange.caci.com,False
dib-vdp,https://plantuml.csde.caci.com,False
dib-vdp,https://pricingrequest.caci.com,False
dib-vdp,https://quarantine.caci.com,False
dib-vdp,https://registry.csde.caci.com,False
dib-vdp,https://rts.caci.com,False
dib-vdp,https://sccmextmp01a.caci.com,False
dib-vdp,https://sonarqube.csde.caci.com,False
dib-vdp,https://spa.caci.com,False
dib-vdp,https://spssite.caci.com,False
dib-vdp,https://subktemp.caci.com,False
dib-vdp,https://support.caci.com,False
dib-vdp,https://talxsso.caci.com,False
dib-vdp,https://test.smds.caci.com,False
dib-vdp,https://tokenchange.caci.com,False
dib-vdp,https://vault.csde.caci.com,False
dib-vdp,https://vpc.caci.com,False
dib-vdp,https://wacweb.caci.com,False
dib-vdp,https://webmail.caci.com,False
dib-vdp,https://wikiplus.caci.com,False
dib-vdp,https://www.askit.caci.com,False
dib-vdp,https://www.corianconfluence.caci.com,False
dib-vdp,https://www.csde.caci.com,False
dib-vdp,https://ganymede.cacicorenet.com,False
dib-vdp,https://login.cacicorenet.com,False
dib-vdp,https://passchange.cacicorenet.com,False
dib-vdp,https://tokenchange.cacicorenet.com,False
dib-vdp,https://www.hqig4portal2.com,False
dib-vdp,https://www.idtec.com,False
dib-vdp,https://www.saphotonics.com,False
dib-vdp,https://vdi.lgsinnovations.com,False
dib-vdp,http://da1dc2.centurum.com,False
dib-vdp,https://da1dc2.centurum.com,False
dib-vdp,https://support.centurum.com,False
dib-vdp,https://corp.cybermyte.io,False
dib-vdp,https://becosmwdepository.com,False
dib-vdp,https://connect.americansystems.com,False
dib-vdp,https://enterpriseenrollment.americansystems.com,False
dib-vdp,https://nextcloud.lata.com,False
dib-vdp,https://nhaero.com,False
dib-vdp,https://oss.ultipro.com,False
dib-vdp,https://theossteam.com,False
dib-vdp,https://theossteam.unanet-gc.biz,False
dib-vdp,https://txlaorcdepository.com,False
dib-vdp,https://apps.signaturescience.com,False
dib-vdp,https://aus-gp.signaturescience.com,False
dib-vdp,https://blade.signaturescience.com,False
dib-vdp,https://cho-gp.signaturescience.com,False
dib-vdp,https://erequester.signaturescience.com,False
dib-vdp,https://ftp.signaturescience.com,False
dib-vdp,https://jontest.signaturescience.com,False
dib-vdp,https://www.signaturescience.com,False
dib-vdp,https://logmastre.mantech.com,False
dib-vdp,https://share.mantech.com,False
dib-vdp,https://www.mantech.com,False
dib-vdp,https://data.odin-el.com,False
dib-vdp,https://namtssts.odin-el.com,False
dib-vdp,https://training.odin-el.com,False
dib-vdp,https://gitlab.htsi-al.com,False
dib-vdp,https://sonarqube.htsi-al.com,False
dib-vdp,https://adfs.valkyrie.com,False
dib-vdp,https://namts.valkyrie.com,False
dib-vdp,https://sharepoint.valkyrie.com,False
dib-vdp,https://unicorn.valkyrie.com,False
dib-vdp,https://abo1vpn.ddns.net,False
dib-vdp,https://vpmo.act-corp.com,False
dib-vdp,https://cm-optronics.ddns.net,False
dib-vdp,https://cso1vpn.ddns.net,False
dib-vdp,https://cstdatanet.com,False
dib-vdp,https://eiamd-eis.com,False
dib-vdp,https://frtcmodernization.com,False
dib-vdp,https://goaeis.com,False
dib-vdp,https://gitlab.hilltechnicalsolutions.com,False
dib-vdp,https://www.jtlsgo.com,False
dib-vdp,https://mitt-eis.com,False
dib-vdp,https://data.namtsqpr.com,False
dib-vdp,https://nicmontereyea.com,False
dib-vdp,https://nwtteis.com,False
dib-vdp,https://pmsr-eis.com,False
dib-vdp,https://www.rolands.com,False
dib-vdp,https://safran-dsi.com,False
dib-vdp,https://sealbeachea.com,False
dib-vdp,https://simivalleyvpn.ddns.net,False
circle-bbp,api.circle.com,True
circle-bbp,app.circle.com,True
circle-bbp,console.circle.com,True
circle-bbp,api.circle.com,True
circle-bbp,app.circle.com,True
circle-bbp,console.circle.com,True
varonis,*.varonis.net,True
varonis,*.varonis.io,True
varonis,*.varonis.com,True
varonis,*.varonis.com,True
varonis,*.varonis.io,True
varonis,*.varonis.net,True
netflix,*.nflxso.net,True
netflix,*.nflxvideo.net,True
netflix,presentationtracking.netflix.com,True
netflix,*.nflximg.net,True
netflix,beacon.netflix.com,True
netflix,*.prod.dradis.netflix.com,True
netflix,customerevents.netflix.com,True
netflix,nmtracking.netflix.com,True
netflix,*.prod.ftl.netflix.com,True
netflix,*.nflxext.com,True
netflix,ichnaea.netflix.com,True
netflix,help.netflix.com,True
netflix,*.prod.cloud.netflix.com,True
netflix,secure.netflix.com,True
netflix,meechum.netflix.com,True
netflix,www.netflix.com,True
netflix,*.nflxext.com,True
netflix,*.prod.ftl.netflix.com,True
netflix,*.prod.cloud.netflix.com,True
netflix,*.nflxvideo.net,True
netflix,*.prod.dradis.netflix.com,True
netflix,*.nflximg.net,True
netflix,*.nflxso.net,True
netflix,www.netflix.com,True
netflix,beacon.netflix.com,True
netflix,customerevents.netflix.com,True
netflix,secure.netflix.com,True
netflix,help.netflix.com,True
netflix,ichnaea.netflix.com,True
netflix,presentationtracking.netflix.com,True
netflix,nmtracking.netflix.com,True
netflix,meechum.netflix.com,True
early_warning,platformtest.cat.earlywarning.io,True
early_warning,platform.cat.earlywarning.io,True
early_warning,ews-fusion.my.site.com,True
early_warning,zellepay.force.com,True
early_warning,api.zellepay.com,True
early_warning,zelleservice.my.site.com,True
early_warning,*.zelle.com,True
early_warning,earlywarningapi.force.com,True
early_warning,api.zmsp.earlywarning.com,True
early_warning,*.clearxchange.com,True
early_warning,*.earlywarning.com,True
early_warning,*.zellepay.com,True
early_warning,*.zellepay.com,True
early_warning,*.earlywarning.com,True
early_warning,*.clearxchange.com,True
early_warning,*.zelle.com,True
early_warning,api.zellepay.com,True
early_warning,api.zmsp.earlywarning.com,True
early_warning,platformtest.cat.earlywarning.io,True
early_warning,https://mywallet-management-east.wallet.cat.earlywarning.io/,True
early_warning,https://mywallet-management-west.wallet.cat.earlywarning.io/,True
early_warning,https://sandbox.digitalwallet.earlywarning.com,True
early_warning,earlywarningapi.force.com,True
early_warning,zellepay.force.com,True
early_warning,zelleservice.my.site.com,True
early_warning,ews-fusion.my.site.com,True
early_warning,platform.cat.earlywarning.io,True
koho,usercontent.koho.ca,True
koho,app.koho.ca,True
koho,www.koho.ca,True
koho,webgateway.koho.ca,True
koho,web.koho.ca,True
koho,web.koho.ca,True
koho,http://api.koho.ca/1.0,True
koho,http://api.koho.ca/partner,True
koho,app.koho.ca,True
koho,webgateway.koho.ca,True
koho,www.koho.ca,True
koho,usercontent.koho.ca,True
aeromexico_vdp,https://www.aeromexicobusiness.com,False
aeromexico_vdp,https://www.aeromexicovacations.com,False
aeromexico_vdp,https://www.aeromexicorewards.com,False
aeromexico_vdp,https://www.aeromexico.com/es-mx/aeromexico-rewards,False
aeromexico_vdp,https://amfacturacion.aeromexico.com,False
aeromexico_vdp,https://facturacion.aeromexico.com,False
aeromexico_vdp,https://portalfacturacioncargo.aeromexico.com,False
transunion,*.transunion.co.br,False
transunion,*.transunion.do,False
transunion,*.transunioncentralamerica.com,False
transunion,*.transunion.mx,False
transunion,*.neustarcare.com,False
transunion,*.cibilcreditreport.in,False
transunion,*.transuniondecisioncentre.co.in,False
transunion,*.transunionsolutions.co.in,False
transunion,*.transunioncibil.com,False
transunion,*.transunion.co.uk,False
transunion,*.cibil.com,False
transunion,*.transunion.ca,False
transunion,freeze.transunion.com,False
transunion,disclosure.transunion.com,False
transunion,dispute.transunion.com,False
transunion,fraud.transunion.com,False
transunion,cm.transunion.com,False
transunion,cmspvw.transunion.com,False
transunion,cmsstage-web-guides.transunion.com,False
transunion,cmsstage.transunion.com,False
transunion,co-pvw.transunion.com,False
transunion,compassdriving.transunion.com,False
transunion,consumerconnect.tui.transunion.com,False
transunion,consumerconnectws.tui.transunion.com,False
transunion,consumerdispute-uat.transunion.com,False
transunion,consumerdispute.transunion.com,False
transunion,content.em-tuci.transunion.com,False
transunion,content.transunion.com,False
transunion,content.tui.transunion.com,False
transunion,conteudo.brasil.transunion.com,False
transunion,coupa-uat.transunion.com,False
transunion,coupa-uat2.transunion.com,False
transunion,courtclerkadmin.transunion.com,False
transunion,courtnamesadmin.transunion.com,False
transunion,creditretriever.transunion.com,False
transunion,crivo-test.transunion.com,False
transunion,crs3-ctf-certodic.transunion.com,False
transunion,crs3-ctf-oda.transunion.com,False
transunion,crs3-ctf-odic.transunion.com,False
transunion,crsnumericsearch-ctf.transunion.com,False
transunion,crsnumericsearch.transunion.com,False
transunion,css.transunion.com,False
transunion,ctsportal.transunion.com,False
transunion,custcert.transunion.com,False
transunion,cv.transunion.com,False
transunion,dachi.transunion.com,False
transunion,*.transunion.com,False
transunion,*.tui.transunion.com,False
transunion,*.transunion.co.za,False
transunion,*.transunionafrica.com,False
transunion,*.transunioncibil.com,False
transunion,*.transunion.hk,False
transunion,*.transunion.ph,False
transunion,*.transunion.co.uk,False
transunion,*.transunion.co.br,False
transunion,*.transunion.do,False
transunion,*.chile.transunion.com,False
transunion,*.transunioncentralamerica.com,False
transunion,*.transunion.mx,False
transunion,*.transunion.ca,False
transunion,*.neustar,False
transunion,*.neustar.biz,False
transunion,*.neustarcare.com,False
transunion,*.npac.com,False
transunion,*.cibil.com,False
transunion,*.cibilcreditreport.in,False
transunion,*.transuniondecisioncentre.co.in,False
transunion,*.transunionsolutions.co.in,False
transunion,*.transunion.com.br,False
transunion,*.crivo.com.br,False
transunion,*.zipcode.com.br,False
transunion,service.transunion.com,False
transunion,freeze.transunion.com,False
transunion,disclosure.transunion.com,False
transunion,dispute.transunion.com,False
transunion,fraud.transunion.com,False
transunion,checkmyscore.transunion.com,False
transunion,personalsolution.transunion.hk,False
transunion,164mail.transunion.com,False
transunion,access2-uat.decision.transunion.com,False
transunion,access2.decision.transunion.com,False
transunion,access3-uat.transunion.com,False
transunion,access3.transunion.com,False
transunion,administrationdirect-uat.transunion.com,False
transunion,administrationdirect.transunion.com,False
transunion,aeperformance.tui.transunion.com,False
transunion,aeresource-cvd.tui.transunion.com,False
transunion,aeresource.tui.transunion.com,False
transunion,aerest-cvd.tui.transunion.com,False
transunion,aerest.tui.transunion.com,False
transunion,agilecentral.transunion.com,False
transunion,alerts-uat.hsp.transunion.com,False
transunion,alerts.hsp.transunion.com,False
transunion,annualcreditreport.transunion.com,False
transunion,api-de-test.transunion.com,False
transunion,api-de.transunion.com,False
transunion,api-hc-test.transunion.com,False
transunion,api-hc.transunion.com,False
transunion,api-ipaas.transunion.com,False
transunion,api-mul-np.transunion.com,False
transunion,api-mul.transunion.com,False
transunion,api-np.transunion.com,False
transunion,api-stg.transunion.com,False
transunion,api.transunion.com,False
transunion,api02-stg.transunion.com,False
transunion,api1-stg.transunion.com,False
transunion,api1.transunion.com,False
transunion,apiaccess-test.transunion.com,False
transunion,apiaccess-uat.transunion.com,False
transunion,apiaccess.transunion.com,False
transunion,app.dgt.transunion.com,False
transunion,app1-dev-pub-alb.transunion.com,False
transunion,approvedata.transunion.com,False
transunion,apps-stg.transunion.com,False
transunion,apps.transunion.com,False
transunion,apps1-stg.transunion.com,False
transunion,apps1.transunion.com,False
transunion,archer.transunion.com,False
transunion,asc.transunion.com,False
transunion,ash02oobvpn.transunion.com,False
transunion,assocert.transunion.com,False
transunion,associatecert.transunion.com,False
transunion,attributemanager.transunion.com,False
transunion,audclient.transunion.com,False
transunion,authsvc.tui.transunion.com,False
transunion,autodiscover.corp.transunion.com,False
transunion,autodiscover.transunion.com,False
transunion,bdsacxiom-uat.transunion.com,False
transunion,bdswebsite-uat.transunion.com,False
transunion,blog.transunion.com,False
transunion,bpa.transunion.com,False
transunion,br-pvw.transunion.com,False
transunion,braimage.brasil.transunion.com,False
transunion,bralink.brasil.transunion.com,False
transunion,brand-stage.transunion.com,False
transunion,brand.transunion.com,False
transunion,braspf.brasil.transunion.com,False
transunion,bravenewworlds.transunion.com,False
transunion,buster-tu-int.tui.transunion.com,False
transunion,buster.tui.transunion.com,False
transunion,ca-pvw.transunion.com,False
transunion,capitaloneapi.tui.transunion.com,False
transunion,cast-event.transunion.com,False
transunion,cc2rest.tui.transunion.com,False
transunion,certuserdirect-uat.transunion.com,False
transunion,certuserdirect.transunion.com,False
transunion,cfed-ctf.transunion.com,False
transunion,cfed-ext.transunion.com,False
transunion,cfed-stg-ext.transunion.com,False
transunion,cfed-stg.transunion.com,False
transunion,cfed.transunion.com,False
transunion,cfedmc-stg.transunion.com,False
transunion,checkmyscore-pvw.transunion.com,False
transunion,chi03oobvpn.transunion.com,False
transunion,chile.transunion.com,False
transunion,chivpn-oms1.transunion.com,False
transunion,chivpn-stg.transunion.com,False
transunion,chivpn.transunion.com,False
transunion,chivpn2.transunion.com,False
transunion,chivpn3.transunion.com,False
transunion,chn01-oob.transunion.com,False
transunion,chn02-oob.transunion.com,False
transunion,chnvpn-lb.transunion.com,False
transunion,chnvpn.transunion.com,False
transunion,chnvpn2.transunion.com,False
transunion,ciamcrt.transunion.com,False
transunion,ciamfed.transunion.com,False
transunion,ciqa.transunion.com,False
transunion,cl-pvw.transunion.com,False
transunion,clarity.transunion.com,False
transunion,clientportal-stg.transunion.com,False
transunion,clientportal.transunion.com,False
transunion,cm-ctf.transunion.com,False
transunion,cm-stg.transunion.com,False
transunion,cm.transunion.com,False
transunion,cmspvw.transunion.com,False
transunion,cmsstage-web-guides.transunion.com,False
transunion,cmsstage.transunion.com,False
transunion,co-pvw.transunion.com,False
transunion,compassdriving.transunion.com,False
transunion,consumerconnect.tui.transunion.com,False
transunion,consumerconnectws.tui.transunion.com,False
transunion,consumerdispute-uat.transunion.com,False
transunion,consumerdispute.transunion.com,False
transunion,content.em-tuci.transunion.com,False
transunion,content.transunion.com,False
transunion,content.tui.transunion.com,False
transunion,conteudo.brasil.transunion.com,False
transunion,coupa-uat.transunion.com,False
transunion,coupa-uat2.transunion.com,False
transunion,courtclerkadmin.transunion.com,False
transunion,courtnamesadmin.transunion.com,False
transunion,creditretriever.transunion.com,False
transunion,crivo-test.transunion.com,False
transunion,crs3-ctf-certodic.transunion.com,False
transunion,crs3-ctf-oda.transunion.com,False
transunion,crs3-ctf-odic.transunion.com,False
transunion,crsnumericsearch-ctf.transunion.com,False
transunion,crsnumericsearch.transunion.com,False
transunion,css.transunion.com,False
transunion,ctsportal.transunion.com,False
transunion,custcert.transunion.com,False
transunion,cv.transunion.com,False
transunion,dachi.transunion.com,False
transunion,dachiuat.transunion.com,False
transunion,danl.transunion.com,False
transunion,dashboards.transunion.com,False
transunion,datagateway.transunion.com,False
transunion,datagatewayprofile.transunion.com,False
transunion,datapass.tui.transunion.com,False
transunion,de-test.transunion.com,False
transunion,de-tuci.transunion.com,False
transunion,de.transunion.com,False
transunion,decisioncentre-stg.transunion.com,False
transunion,decisioncentre-uat.transunion.com,False
transunion,decisioncentre.transunion.com,False
transunion,decisionedge.transunion.com,False
transunion,degreed.transunion.com,False
transunion,developer.transunion.com,False
transunion,dh-pvw.transunion.com,False
transunion,dialin.transunion.com,False
transunion,digitalcertdirect-uat.transunion.com,False
transunion,digitalcertdirect.transunion.com,False
transunion,direct-uat.transunion.com,False
transunion,direct.transunion.com,False
transunion,directaccess.transunion.com,False
transunion,directcontent.transunion.com,False
transunion,disclosureservices-ctf.transunion.com,False
transunion,disclosureservices.transunion.com,False
transunion,disputecenter.transunion.com,False
transunion,disputenotify.tui.transunion.com,False
transunion,do-pvw.transunion.com,False
transunion,eastafrica.transunion.com,False
transunion,edegftp-test.transunion.com,False
transunion,encrypted-test.transunion.com,False
transunion,encrypted.transunion.com,False
transunion,entuity-webhooks.transunion.com,False
transunion,es-help.transunion.com,False
transunion,etime.transunion.com,False
transunion,factory-beta.transunion.com,False
transunion,fch-test.transunion.com,False
transunion,fch.transunion.com,False
transunion,fedcorp.transunion.com,False
transunion,fedcorpauth.transunion.com,False
transunion,fedcust-uat.transunion.com,False
transunion,fedcust.transunion.com,False
transunion,fedcustauth.transunion.com,False
transunion,feedback.transunion.com,False
transunion,fieldmail.transunion.com,False
transunion,filereceiver.tui.transunion.com,False
transunion,filetransfer-uat.transunion.com,False
transunion,filetransfer.transunion.com,False
transunion,financialpathway-uat.transunion.com,False
transunion,financialpathway.transunion.com,False
transunion,fmo-uat.transunion.com,False
transunion,fssummit.transunion.com,False
transunion,fusion.transunion.com,False
transunion,get3-uat.transunion.com,False
transunion,get3.transunion.com,False
transunion,gfscs-console-staging.gcp.gfs.transunion.com,False
transunion,gfscs-console-uat-staging.gcp.gfs.transunion.com,False
transunion,gfscs-orchestration-staging.gcp.gfs.transunion.com,False
transunion,gfscs-orchestration-uat-staging.gcp.gfs.transunion.com,False
transunion,glm.transunion.com,False
transunion,global-mktg.transunion.com,False
transunion,globaldcdemo-uat.transunion.com,False
transunion,globaltech-stg.transunion.com,False
transunion,globaltech.transunion.com,False
transunion,go.transunion.com,False
transunion,goodworks.transunion.com,False
transunion,gtm.transunion.com,False
transunion,healthcare.transunion.com,False
transunion,help.transunion.com,False
transunion,helpcenter.transunion.com,False
transunion,hk-help.transunion.com,False
transunion,hk-pvw.transunion.com,False
transunion,hk1-sip.transunion.com,False
transunion,hk1-wc.transunion.com,False
transunion,hko3w9ap01-extweb.transunion.com,False
transunion,hko3w9ap02-extweb.transunion.com,False
transunion,hko3w9ap03-extweb.transunion.com,False
transunion,hrcp-nebo.transunion.com,False
transunion,hrcp.transunion.com,False
transunion,hsp1.transunion.com,False
transunion,hybridmail.transunion.com,False
transunion,hybridsmtp.transunion.com,False
transunion,iamadmin.transunion.com,False
transunion,ias-tu-int.tui.transunion.com,False
transunion,ias.tui.transunion.com,False
transunion,icdservices-uat.transunion.com,False
transunion,identity-uat.transunion.com,False
transunion,identity.transunion.com,False
transunion,idmanager-sts.transunion.com,False
transunion,idmanager-uat.transunion.com,False
transunion,idmanager.transunion.com,False
transunion,idmart.transunion.com,False
transunion,idp.transunion.com,False
transunion,iimadmin.transunion.com,False
transunion,images.dgt.transunion.com,False
transunion,imvrs-uat.transunion.com,False
transunion,imvrs.transunion.com,False
transunion,inc.transunion.com,False
transunion,information.transunion.com,False
transunion,insummit.transunion.com,False
transunion,integrated.test.transunion.com,False
transunion,investors.transunion.com,False
transunion,isaav.transunion.com,False
transunion,itrs-fch-test.transunion.com,False
transunion,itrs-fch.transunion.com,False
transunion,jcc.transunion.com,False
transunion,jobs.transunion.com,False
transunion,join.transunion.com,False
transunion,jss.transunion.com,False
transunion,km-ssltest.transunion.com,False
transunion,kyriba.transunion.com,False
transunion,learncore.transunion.com,False
transunion,legalrequest.transunion.com,False
transunion,lendprotect-intuat.transunion.com,False
transunion,lendprotect-uat.transunion.com,False
transunion,lendprotect.transunion.com,False
transunion,lendprotectuk.transunion.com,False
transunion,links.em-tuci.transunion.com,False
transunion,listserv.transunion.com,False
transunion,lon01vpn.transunion.com,False
transunion,lon01vpn2.transunion.com,False
transunion,lon02vpn.transunion.com,False
transunion,lon02vpn2.transunion.com,False
transunion,lonvpn-lb.transunion.com,False
transunion,lpdashboard-uat.transunion.com,False
transunion,lpdashboard.transunion.com,False
transunion,lyncdiscover.transunion.com,False
transunion,mail.transunion.com,False
transunion,marketing.transunion.com,False
transunion,mduatext.corp.transunion.com,False
transunion,media-stage.transunion.com,False
transunion,media.transunion.com,False
transunion,mee.transunion.com,False
transunion,member.trueidentity.transunion.com,False
transunion,membership.transunion.com,False
transunion,membership.tui.transunion.com,False
transunion,mgmtvpn.transunion.com,False
transunion,mi.transunion.com,False
transunion,mremedy-uat.transunion.com,False
transunion,mrs1.transunion.com,False
transunion,mrs2.transunion.com,False
transunion,mrs3.transunion.com,False
transunion,mrs4.transunion.com,False
transunion,mum01oobvpn.transunion.com,False
transunion,mx-pvw.transunion.com,False
transunion,my.transunion.com,False
transunion,my3-uat.transunion.com,False
transunion,my3.transunion.com,False
transunion,my3decision-uat.transunion.com,False
transunion,my3decision.transunion.com,False
transunion,myfilegateway.transunion.com,False
transunion,nacam-test.transunion.com,False
transunion,nacam.transunion.com,False
transunion,nasam.transunion.com,False
transunion,netaccess-test.transunion.com,False
transunion,netaccess-tuci.transunion.com,False
transunion,netaccess.transunion.com,False
transunion,netaccessolb-test.transunion.com,False
transunion,netaccessolb.transunion.com,False
transunion,newsroom.transunion.com,False
transunion,niku.transunion.com,False
transunion,nlkvpn.transunion.com,False
transunion,nlkvpn2.transunion.com,False
transunion,noname-test.transunion.com,False
transunion,odicert.transunion.com,False
transunion,odsfiles-uat.transunion.com,False
transunion,odsfiles.transunion.com,False
transunion,onlinedispute.transunion.com,False
transunion,onlinedisputeform.transunion.com,False
transunion,optimizely.transunion.com,False
transunion,partner.transunion.com,False
transunion,party.transunion.com,False
transunion,pfs.transunion.com,False
transunion,pfsdemo.transunion.com,False
transunion,ph-pvw.transunion.com,False
transunion,phlvpn.transunion.com,False
transunion,ping-uat.transunion.com,False
transunion,ping.transunion.com,False
transunion,pingcrt-uat.transunion.com,False
transunion,pingcrt.transunion.com,False
transunion,pingvpn.transunion.com,False
transunion,pmsummit.transunion.com,False
transunion,portal1.transunion.com,False
transunion,portal2.transunion.com,False
transunion,prama.transunion.com,False
transunion,preemployment-api-uat.transunion.com,False
transunion,preemployment-marketing-pvw.transunion.com,False
transunion,preemployment-secure-uat.transunion.com,False
transunion,preemployment-uat.transunion.com,False
transunion,preemployment-uat2.transunion.com,False
transunion,preemployment-uat3.transunion.com,False
transunion,qex-ctf.transunion.com,False
transunion,qex.transunion.com,False
transunion,qexadmin-ctf.transunion.com,False
transunion,qexadmin.transunion.com,False
transunion,qexrc-ctf.transunion.com,False
transunion,qte-test.transunion.com,False
transunion,qte.transunion.com,False
transunion,quickcheck-stg.transunion.com,False
transunion,quickcheck-uat.transunion.com,False
transunion,quickcheck.transunion.com,False
transunion,quickcheck2.transunion.com,False
transunion,rc.transunion.com,False
transunion,remedy-qa.transunion.com,False
transunion,remedy.transunion.com,False
transunion,rentalscreening.transunion.com,False
transunion,reportingcust1a.transunion.com,False
transunion,resetmypassword.transunion.com,False
transunion,residentapply-ext.transunion.com,False
transunion,residentid-ext.transunion.com,False
transunion,residentid-uat.transunion.com,False
transunion,residentid.transunion.com,False
transunion,residentscreening-ext.transunion.com,False
transunion,residentscreening.transunion.com,False
transunion,residentverify-ext.transunion.com,False
transunion,residentverify.transunion.com,False
transunion,residentvision.transunion.com,False
transunion,restofafrica-pvw.transunion.com,False
transunion,revenueprotection.transunion.com,False
transunion,revscan.transunion.com,False
transunion,salesforce.transunion.com,False
transunion,savo.transunion.com,False
transunion,securemail.transunion.com,False
transunion,securityawareness.transunion.com,False
transunion,selfserviceestimate-uat.transunion.com,False
transunion,selfserviceestimate.transunion.com,False
transunion,sendlogs-data.transunion.com,False
transunion,servicenow-uat.transunion.com,False
transunion,servicenow.transunion.com,False
transunion,shareable-admin-ext.transunion.com,False
transunion,sip.transunion.com,False
transunion,sm-pvw.transunion.com,False
transunion,smadmin-uat1.transunion.com,False
transunion,smadmin-uat2.transunion.com,False
transunion,smgw-uat1.transunion.com,False
transunion,smgw-uat2.transunion.com,False
transunion,smweb-uat1.transunion.com,False
transunion,smweb-uat2.transunion.com,False
transunion,solutions.transunion.com,False
transunion,sp1-sip.transunion.com,False
transunion,sp1-wc.transunion.com,False
transunion,splunk-soar.transunion.com,False
transunion,spo3w9ap01-extweb.transunion.com,False
transunion,spo3w9ap02-extweb.transunion.com,False
transunion,spo3w9ap03-extweb.transunion.com,False
transunion,stageaemapi.transunion.com,False
transunion,stagechile.transunion.com,False
transunion,stagedirect.transunion.com,False
transunion,stageglobaltech.transunion.com,False
transunion,stageimvrs.transunion.com,False
transunion,stagetechservices.transunion.com,False
transunion,stingray-uat.transunion.com,False
transunion,stingray.transunion.com,False
transunion,tableau-prama.transunion.com,False
transunion,techservices.transunion.com,False
transunion,test-prama.transunion.com,False
transunion,thehub.transunion.com,False
transunion,thesource.transunion.com,False
transunion,tlo-pvw.transunion.com,False
transunion,tlsvalidation.transunion.com,False
transunion,transfer-dev.transunion.com,False
transunion,transunioncentralamerica-pvw.transunion.com,False
transunion,transunionoffers-pvw.transunion.com,False
transunion,truaudience.transunion.com,False
transunion,truecredit.transunion.com,False
transunion,trueidentity-pvw.transunion.com,False
transunion,truiq.transunion.com,False
transunion,truvalidate-console-prod.gcp.gfs.transunion.com,False
transunion,truvalidate-orchestration-prod.gcp.gfs.transunion.com,False
transunion,truvalidate.transunion.com,False
transunion,truview.transunion.com,False
transunion,tu-api-np.transunion.com,False
transunion,tu-api.transunion.com,False
transunion,tu-ipaas-np.transunion.com,False
transunion,tu-ipaas.transunion.com,False
transunion,tu-pvw.transunion.com,False
transunion,tu-pvw2.transunion.com,False
transunion,tu-rwanda.transunion.com,False
transunion,tu-zambia.transunion.com,False
transunion,tubr-pvw.transunion.com,False
transunion,tubr-pvw2.transunion.com,False
transunion,tuca-pvw2.transunion.com,False
transunion,tucache-prd.transunion.com,False
transunion,tucibil-pvw.transunion.com,False
transunion,tucl-pvw.transunion.com,False
transunion,tucl-pvw2.transunion.com,False
transunion,tudo-pvw2.transunion.com,False
transunion,tuexperience.transunion.com,False
transunion,tuhcm.transunion.com,False
transunion,tui.transunion.com,False
transunion,tuidm.transunion.com,False
transunion,tuin-pvw.transunion.com,False
transunion,tuin-pvw2.transunion.com,False
transunion,tuls.gslb.transunion.com,False
transunion,tuls.transunion.com,False
transunion,tuph-pvw.transunion.com,False
transunion,tuph-pvw2.transunion.com,False
transunion,turssservices-uat.transunion.com,False
transunion,turssservices.transunion.com,False
transunion,tusm.transunion.com,False
transunion,tusso.transunion.com,False
transunion,tustore.transunion.com,False
transunion,tutest.transunion.com,False
transunion,tuza-pvw2.transunion.com,False
transunion,ui.transunion.com,False
transunion,uk-pvw.transunion.com,False
transunion,update.transunion.com,False
transunion,us1-sip.transunion.com,False
transunion,us1-wc.transunion.com,False
transunion,us1fepool01-extweb.transunion.com,False
transunion,us1fepool02-extweb.transunion.com,False
transunion,us1owapool01-extweb.transunion.com,False
transunion,us2-sip.transunion.com,False
transunion,us2-wc.transunion.com,False
transunion,us2fepool01-extweb.transunion.com,False
transunion,us2owapool01-extweb.transunion.com,False
transunion,vchncibdesktop.transunion.com,False
transunion,vchndesktop.transunion.com,False
transunion,vcportal.transunion.com,False
transunion,vdesktop.transunion.com,False
transunion,vdesktophk.transunion.com,False
transunion,veracode.transunion.com,False
transunion,videoassessments.transunion.com,False
transunion,view3-readonly.transunion.com,False
transunion,view3-uat.transunion.com,False
transunion,view3.transunion.com,False
transunion,viewdecision-uat.transunion.com,False
transunion,viewdecision.transunion.com,False
transunion,vmanage-emea.transunion.com,False
transunion,vpn-tokens.transunion.com,False
transunion,vpn.transunion.com,False
transunion,vpnash-neustar.transunion.com,False
transunion,vpnchi-neustar.transunion.com,False
transunion,vpnenroll.transunion.com,False
transunion,web-guides.transunion.com,False
transunion,wh.em-tuci.transunion.com,False
transunion,workcenter.transunion.com,False
transunion,workday-sbx.transunion.com,False
transunion,workday-tu1.transunion.com,False
transunion,workday.transunion.com,False
transunion,za-pvw.transunion.com,False
transunion,appservices-uat.transunion.ca,False
transunion,appservices.gov.transunion.ca,False
transunion,appservices.transunion.ca,False
transunion,cmspvw.transunion.ca,False
transunion,cmsstage.transunion.ca,False
transunion,consumersolutions-uat.transunion.ca,False
transunion,consumersolutions.transunion.ca,False
transunion,creditprofile.transunion.ca,False
transunion,creditvision.transunion.ca,False
transunion,decisioncentre-uat.transunion.ca,False
transunion,decisioncentre-uat2.transunion.ca,False
transunion,decisioncentre.transunion.ca,False
transunion,direct-uat.businesssolutions.transunion.ca,False
transunion,direct-uat.transunion.ca,False
transunion,direct-uat2.businesssolutions.transunion.ca,False
transunion,direct.businesssolutions.transunion.ca,False
transunion,direct.gov.transunion.ca,False
transunion,direct.transunion.ca,False
transunion,en.direct.gs.transunion.ca,False
transunion,en.manualupdates.transunion.ca,False
transunion,fr.direct.gs.transunion.ca,False
transunion,fr.manualupdates.transunion.ca,False
transunion,globalcreditconnect-uat.transunion.ca,False
transunion,horizon-uat.ha.transunion.ca,False
transunion,horizon.ha.transunion.ca,False
transunion,idxcrf-uat.transunion.ca,False
transunion,idxcrf.transunion.ca,False
transunion,ivrservices-uat.transunion.ca,False
transunion,members.transunion.ca,False
transunion,newsroom.transunion.ca,False
transunion,ocs-qc.transunion.ca,False
transunion,ocs.transunion.ca,False
transunion,portal-uat.transunion.ca,False
transunion,portal.transunion.ca,False
transunion,secure-ocs.transunion.ca,False
transunion,securekey-poc1.transunion.ca,False
transunion,securekey-uat.transunion.ca,False
transunion,securetransfer-uat.transunion.ca,False
transunion,securetransfer.transunion.ca,False
transunion,securewebtransfer-uat.transunion.ca,False
transunion,securewebtransfer.transunion.ca,False
transunion,solutions.transunion.ca,False
transunion,tu4rscores-uat.transunion.ca,False
transunion,tu4rscores.transunion.ca,False
transunion,tuciinquiry-uat.transunion.ca,False
transunion,tuciinquiry.transunion.ca,False
transunion,tuneuat.tuintl.transunion.ca,False
transunion,vpn.transunion.ca,False
transunion,vpn2.transunion.ca,False
transunion,vpn3.transunion.ca,False
transunion,webupdates-uat.transunion.ca,False
transunion,webupdates.transunion.ca,False
transunion,access01.transunion.co.uk,False
transunion,affordability.transunion.co.uk,False
transunion,boi.lv.dstr.transunion.co.uk,False
transunion,boi.ts.dstr.transunion.co.uk,False
transunion,categorisation.transunion.co.uk,False
transunion,ciamfed.transunion.co.uk,False
transunion,clientadmin.ct.transunion.co.uk,False
transunion,clientadmin.pp.transunion.co.uk,False
transunion,clientadmin.transunion.co.uk,False
transunion,cmsstage.transunion.co.uk,False
transunion,connect.ct.openbanking.transunion.co.uk,False
transunion,connect.openbanking.transunion.co.uk,False
transunion,connect.qa.openbanking.transunion.co.uk,False
transunion,core-data.transunion.co.uk,False
transunion,cosmos.transunion.co.uk,False
transunion,ct.affordability.transunion.co.uk,False
transunion,ct.categorisation.transunion.co.uk,False
transunion,ct.ciamfed.transunion.co.uk,False
transunion,ct.core-data.transunion.co.uk,False
transunion,ct.cosmos.transunion.co.uk,False
transunion,ct.decisionedge.transunion.co.uk,False
transunion,ct.hmrc.transunion.co.uk,False
transunion,ct.nhs.transunion.co.uk,False
transunion,ct.openbanking.transunion.co.uk,False
transunion,cybg.ct.decisionedge.transunion.co.uk,False
transunion,cybg.decisionedge.transunion.co.uk,False
transunion,decisionedge.transunion.co.uk,False
transunion,dr.affordability.transunion.co.uk,False
transunion,dv.consumer.transunion.co.uk,False
transunion,hmrc.transunion.co.uk,False
transunion,lyncdiscover.transunion.co.uk,False
transunion,meet.transunion.co.uk,False
transunion,newsroom.transunion.co.uk,False
transunion,nhs.transunion.co.uk,False
transunion,openbanking.transunion.co.uk,False
transunion,pp.cosmos.transunion.co.uk,False
transunion,pp.hmrc.transunion.co.uk,False
transunion,pp.nhs.transunion.co.uk,False
transunion,qa.affordability.transunion.co.uk,False
transunion,qa.categorisation.transunion.co.uk,False
transunion,qa.ciamfed.transunion.co.uk,False
transunion,qa.core-data.transunion.co.uk,False
transunion,qa.decisionedge.transunion.co.uk,False
transunion,qa.openbanking.transunion.co.uk,False
transunion,sftp-portal.transunion.co.uk,False
transunion,sip.transunion.co.uk,False
transunion,solutions.transunion.co.uk,False
transunion,ts.sftp-portal.transunion.co.uk,False
transunion,atlasccr.cibil.com,False
transunion,atlascspt.cibil.com,False
transunion,atlasws.cibil.com,False
transunion,ccrportal.cibil.com,False
transunion,ccrws.cibil.com,False
transunion,cibilrank.cibil.com,False
transunion,cibilrankccr.cibil.com,False
transunion,cibilvpnfw01.cibil.com,False
transunion,claimscheck.cibil.com,False
transunion,cmsdev.cibil.com,False
transunion,cmspvw.cibil.com,False
transunion,cmsstage.cibil.com,False
transunion,commercial.cibil.com,False
transunion,commercialapi.cibil.com,False
transunion,consumer.cibil.com,False
transunion,consumerdataconversion.cibil.com,False
transunion,crm.cibil.com,False
transunion,dc.cibil.com,False
transunion,dnbftp.cibil.com,False
transunion,hdfcgateway.cibil.com,False
transunion,homecreditgateway.cibil.com,False
transunion,indusindgateway.cibil.com,False
transunion,kycupload.cibil.com,False
transunion,mfi.cibil.com,False
transunion,mfimuat.cibil.com,False
transunion,mfiuat.cibil.com,False
transunion,mumvpn.cibil.com,False
transunion,myscore.cibil.com,False
transunion,sandbox.cibil.com,False
transunion,sbicardgateway.cibil.com,False
transunion,sftp.cibil.com,False
transunion,ssp.cibil.com,False
transunion,suit.cibil.com,False
transunion,tuftp.cibil.com,False
transunion,tussplvdi.cibil.com,False
transunion,vdi.cibil.com,False
transunion,yesbankgateway.cibil.com,False
transunion,apacvpn.transunion.hk,False
transunion,autodiscover.transunion.hk,False
transunion,c3app.transunion.hk,False
transunion,cmsstage.transunion.hk,False
transunion,creditreportuat.transunion.hk,False
transunion,creditview.transunion.hk,False
transunion,creditviewuat.transunion.hk,False
transunion,dataconnect-mem.transunion.hk,False
transunion,dataconnect.transunion.hk,False
transunion,datagateway.transunion.hk,False
transunion,datagatewayuat.transunion.hk,False
transunion,dcuat.transunion.hk,False
transunion,decisionedge.transunion.hk,False
transunion,deweb.transunion.hk,False
transunion,ftpsecure.transunion.hk,False
transunion,hkdc2vpn.transunion.hk,False
transunion,hkvpn-lb.transunion.hk,False
transunion,hkvpn.transunion.hk,False
transunion,icrs-fa.transunion.hk,False
transunion,icrs-uat.transunion.hk,False
transunion,icrs.transunion.hk,False
transunion,icrsfa-uat.transunion.hk,False
transunion,mail.transunion.hk,False
transunion,master.fl.transunion.hk,False
transunion,miid.transunion.hk,False
transunion,miiduat.transunion.hk,False
transunion,newsroom.transunion.hk,False
transunion,partner.transunion.hk,False
transunion,partneruat.transunion.hk,False
transunion,securemail.transunion.hk,False
transunion,site1.fl.transunion.hk,False
transunion,tuocrsuat1.transunion.hk,False
transunion,tuocrsuat2.transunion.hk,False
transunion,uat-ftpsecure.transunion.hk,False
transunion,webmail.transunion.hk,False
transunion,wwwuat.transunion.hk,False
transunion,africamail.transunion.co.za,False
transunion,api.transunion.co.za,False
transunion,at.transunion.co.za,False
transunion,atlasws-sa.transunion.co.za,False
transunion,autoinsight.transunion.co.za,False
transunion,autotest.transunion.co.za,False
transunion,businessupdate.transunion.co.za,False
transunion,calltrackeruat.transunion.co.za,False
transunion,cmsstage.transunion.co.za,False
transunion,creditview.transunion.co.za,False
transunion,ct.transunion.co.za,False
transunion,customerportal.transunion.co.za,False
transunion,de.transunion.co.za,False
transunion,deservices-uat.transunion.co.za,False
transunion,deservices.transunion.co.za,False
transunion,dms.transunion.co.za,False
transunion,dmsuat.transunion.co.za,False
transunion,filetransfer.transunion.co.za,False
transunion,my.transunion.co.za,False
transunion,newsletter.transunion.co.za,False
transunion,newsroom.transunion.co.za,False
transunion,secure.transunion.co.za,False
transunion,securetest.transunion.co.za,False
transunion,services.transunion.co.za,False
transunion,sftp.transunion.co.za,False
transunion,svmidweb01.transunion.co.za,False
transunion,svmidweb02.transunion.co.za,False
transunion,testapi.transunion.co.za,False
transunion,tuaba.transunion.co.za,False
transunion,tuairwatch.transunion.co.za,False
transunion,tuinf.transunion.co.za,False
transunion,tuvpn.transunion.co.za,False
transunion,tuvpn2.transunion.co.za,False
transunion,verifications.transunion.co.za,False
transunion,wug.transunion.co.za,False
transunion,api.transunioncibil.com,False
transunion,api2.transunioncibil.com,False
transunion,apimarketplace.transunioncibil.com,False
transunion,cmsdev.transunioncibil.com,False
transunion,cmspvw.transunioncibil.com,False
transunion,cmsstage.transunioncibil.com,False
transunion,devapimarketplace.transunioncibil.com,False
transunion,newsroom.transunioncibil.com,False
transunion,pvwapimarketplace.transunioncibil.com,False
transunion,stageapimarketplace.transunioncibil.com,False
transunion,ca.npac.com,False
transunion,neuvpn.npac.com,False
transunion,neuvpn2.npac.com,False
transunion,sow.npac.com,False
transunion,tut.npac.com,False
transunion,vpn.npac.com,False
transunion,vpn2.npac.com,False
transunion,apps.transunion.ph,False
transunion,cmsstage.transunion.ph,False
transunion,newsroom.transunion.ph,False
transunion,uatapps.transunion.ph,False
transunion,cmsdev.transunion.do,False
transunion,cmspvw.transunion.do,False
transunion,cmsstage.transunion.do,False
transunion,cmsdev.transunion.mx,False
transunion,cmsstage.transunion.mx,False
transunion,cmsstage.transunioncentralamerica.com,False
transunion,newsroom.transunioncentralamerica.com,False
ionity_gmbh,*.ionity.cloud,False
ionity_gmbh,support.ionity.eu,False
ionity_gmbh,wings.ionity.eu,False
ionity_gmbh,payment.ionity.eu,False
ionity_gmbh,*.ionity.cloud,False
ionity_gmbh,payment.ionity.eu,False
ionity_gmbh,support.ionity.eu,False
ionity_gmbh,wings.ionity.eu,False
ionity_gmbh,https://ionity.eu/en/ionity/career,False
lowes,lowes.com,False
lowes,lowes.com,False
lowes,https://uat.lpsdxp.com/,False
lowes,https://talent.lowes.com/,False
lowes,https://www.lowes.co.in/,False
lowes,https://corporate.lowes.com/,False
banco_bmg,*.bmgconsig.com.br,False
banco_bmg,*.help.com.br,False
banco_bmg,*.bancobmg.com.br,False
banco_bmg,*.bancobmg.com.br,False
banco_bmg,*.bmgconsig.com.br,False
banco_bmg,*.help.com.br,False
rei_vdp,login.rei.com,False
rei_vdp,engineering.rei.com,False
rei_vdp,rei.com,False
rei_vdp,rei.com,False
rei_vdp,http://rei.com/adventures,False
rei_vdp,http://rei.com/events,False
rei_vdp,engineering.rei.com,False
rei_vdp,login.rei.com,False
rei_vdp,http://www.rei.com/learn/expert-advice,False
rei_vdp,http://collaboration.rei.com,False
dyson,api.dyson.se,True
dyson,api.dysoncanada.ca,True
dyson,api.dyson.dk,True
dyson,api.dyson.it,True
dyson,api.dyson.es,True
dyson,api.dyson.pt,True
dyson,api.dyson.no,True
dyson,api.dyson.ch,True
dyson,api.dyson.fr,True
dyson,api.dyson.ie,True
dyson,api.fi.dyson.com,True
dyson,shop.dyson.co.za,True
dyson,*.cp.dyson.com,True
dyson,shop.dyson.ru,True
dyson,api.dyson.be,True
dyson,www.fi.dyson.com,True
dyson,www.dyson.com.ua,True
dyson,*.dyson.com,True
dyson,www.dyson.co.uk,True
dyson,www.dyson.com,True
dyson,www.dysoncanada.ca,True
dyson,www.dyson.it,True
dyson,www.dyson.ie,True
dyson,www.dyson.ch,True
dyson,www.dyson.se,True
dyson,www.dyson.nl,True
dyson,www.dyson.at,True
dyson,www.dyson.be,True
dyson,www.dyson.pt,True
dyson,www.dyson.de,True
dyson,www.dyson.fr,True
dyson,www.dyson.no,True
dyson,www.dyson.dk,True
dyson,www.dyson.es,True
dyson,www.fi.dyson.com,True
dyson,api.dyson.se,True
dyson,api.dysoncanada.ca,True
dyson,api.dyson.dk,True
dyson,api.dyson.it,True
dyson,api.dyson.es,True
dyson,api.dyson.co.uk,True
dyson,api.dyson.at,True
dyson,api.dyson.nl,True
dyson,api.dyson.be,True
dyson,api.dyson.pt,True
dyson,api.dyson.no,True
dyson,api.dyson.de,True
dyson,api.dyson.ch,True
dyson,api.dyson.fr,True
dyson,api.dyson.ie,True
dyson,api.dyson.com,True
dyson,api.fi.dyson.com,True
dyson,www.dyson.pl,True
dyson,www.dyson.in,True
dyson,www.dyson.com.mx,True
dyson,www.dyson.com.sg,True
dyson,www.dyson.co.kr,True
dyson,www.dyson.co.nz,True
dyson,www.dyson.com.tr,True
dyson,www.dyson.ae,True
dyson,www.dyson.co.il,True
dyson,www.dyson.com.au,True
dyson,www.dyson.hk,True
dyson,www.dyson.co.th,True
dyson,www.dyson.my,True
dyson,shop.dyson.co.za,True
dyson,www.sa.dyson.com,True
dyson,www.dyson.cz,True
dyson,www.dyson.hu,True
dyson,www.dyson.co.jp,True
dyson,www.dyson.com.ro,True
dyson,www.dyson.vn,True
dyson,*.cp.dyson.com,True
dyson,www.dyson.cn,True
dyson,shop.dyson.ru,True
dyson,www.dyson.com.ua,True
dyson,shop.dyson.tw,True
dyson,www.dyson.tw,True
dyson,www.gr.dyson.com,True
dyson,www.dyson.com.ee,True
dyson,*.dyson.com,True
truecaller,ads-audience-uploader.truecaller.com,True
truecaller,ads-config-engine-noneu.truecaller.com,True
truecaller,ads-partner-noneu.truecaller.com,True
truecaller,ads-rules-asia-south1.truecaller.com,True
truecaller,ads-rules-noneu.truecaller.com,True
truecaller,ads5-asia-south1.truecaller.com,True
truecaller,apigw-noneu.truecaller.com,True
truecaller,assure-noneu.truecaller.com,True
truecaller,audience-uploader-asia-south1.truecaller.com,True
truecaller,audience-uploader-noneu.truecaller.com,True
truecaller,audience-uploader.truecaller.com,True
truecaller,auth4-asia-south1.truecaller.com,True
truecaller,auth4-noneu.truecaller.com,True
truecaller,backup.truecaller.com,True
truecaller,batchlogging4.truecaller.com,True
truecaller,callkit-asia-south1.truecaller.com,True
truecaller,comments-asia-south1.truecaller.com,True
truecaller,company-profile-asia-south1.truecaller.com,True
truecaller,company-profile-noneu.truecaller.com,True
truecaller,contact-lists-noneu.truecaller.com,True
truecaller,contact-request-stateless-noneu.truecaller.com,True
truecaller,contact-upload4-asia-south1.truecaller.com,True
truecaller,contact-upload4.truecaller.com,True
truecaller,device-safety-asia-south1.truecaller.com,True
truecaller,duo-eu.truecaller.com,True
truecaller,duo-invite-eu.truecaller.com,True
truecaller,duo-invite-noneu.truecaller.com,True
truecaller,duo-invite.truecaller.com,True
truecaller,duo-noneu.truecaller.com,True
truecaller,duo.truecaller.com,True
truecaller,edge-locations5.truecaller.com,True
truecaller,email-verification-noneu.truecaller.com,True
truecaller,enterprise-account-management-noneu.truecaller.com,True
truecaller,enterprise-accounts-noneu.truecaller.com,True
truecaller,enterprise-auth-noneu.truecaller.com,True
truecaller,enterprise-bizengage-noneu.truecaller.com,True
truecaller,enterprise-biznumbers-noneu.truecaller.com,True
truecaller,enterprise-feedback-noneu.truecaller.com,True
truecaller,enterprise-portal-noneu.truecaller.com,True
truecaller,enterprise-reports-noneu.truecaller.com,True
truecaller,enterprise-service-management-noneu.truecaller.com,True
truecaller,enterprise-survey-asia-south1.truecaller.com,True
truecaller,enterprise-survey-noneu.truecaller.com,True
truecaller,enterprise-userfeedback-noneu.truecaller.com,True
truecaller,enterprise-webhooks-noneu.truecaller.com,True
truecaller,feedback-asia-south1.truecaller.com,True
truecaller,filter-store4-asia-south1.truecaller.com,True
truecaller,filter-store4.truecaller.com,True
truecaller,images.truecaller.com,True
truecaller,insights-categorizer-noneu.truecaller.com,True
truecaller,business.truecaller.com,True
truecaller,account-noneu.truecaller.com,True
truecaller,account-onboarding-noneu.truecaller.com,True
truecaller,ads-audience-ingestion-noneu.truecaller.com,True
truecaller,ads-audience-uploader.truecaller.com,True
truecaller,ads-config-engine-noneu.truecaller.com,True
truecaller,ads-partner-noneu.truecaller.com,True
truecaller,ads-rules-asia-south1.truecaller.com,True
truecaller,ads-rules-noneu.truecaller.com,True
truecaller,ads5-asia-south1.truecaller.com,True
truecaller,api4-asia-south1.truecaller.com,True
truecaller,apigw-noneu.truecaller.com,True
truecaller,assure-noneu.truecaller.com,True
truecaller,audience-uploader-asia-south1.truecaller.com,True
truecaller,audience-uploader-noneu.truecaller.com,True
truecaller,audience-uploader.truecaller.com,True
truecaller,auth4-asia-south1.truecaller.com,True
truecaller,auth4-noneu.truecaller.com,True
truecaller,backup.truecaller.com,True
truecaller,batchlogging4.truecaller.com,True
truecaller,callkit-asia-south1.truecaller.com,True
truecaller,comments-asia-south1.truecaller.com,True
truecaller,comments-noneu.truecaller.com,True
truecaller,company-profile-asia-south1.truecaller.com,True
truecaller,company-profile-noneu.truecaller.com,True
truecaller,contact-lists-noneu.truecaller.com,True
truecaller,contact-request-stateless-noneu.truecaller.com,True
truecaller,contact-upload4-asia-south1.truecaller.com,True
truecaller,contact-upload4.truecaller.com,True
truecaller,device-safety-asia-south1.truecaller.com,True
truecaller,duo-eu.truecaller.com,True
truecaller,duo-invite-eu.truecaller.com,True
truecaller,duo-invite-noneu.truecaller.com,True
truecaller,duo-invite.truecaller.com,True
truecaller,duo-noneu.truecaller.com,True
truecaller,duo.truecaller.com,True
truecaller,edge-locations5.truecaller.com,True
truecaller,email-verification-noneu.truecaller.com,True
truecaller,enterprise-account-management-noneu.truecaller.com,True
truecaller,enterprise-accounts-noneu.truecaller.com,True
truecaller,enterprise-auth-noneu.truecaller.com,True
truecaller,enterprise-bizengage-noneu.truecaller.com,True
truecaller,enterprise-biznumbers-noneu.truecaller.com,True
truecaller,enterprise-feedback-noneu.truecaller.com,True
truecaller,enterprise-portal-noneu.truecaller.com,True
truecaller,enterprise-reports-noneu.truecaller.com,True
truecaller,enterprise-service-management-noneu.truecaller.com,True
truecaller,enterprise-survey-asia-south1.truecaller.com,True
truecaller,enterprise-survey-noneu.truecaller.com,True
truecaller,enterprise-userfeedback-noneu.truecaller.com,True
truecaller,enterprise-webhooks-noneu.truecaller.com,True
truecaller,feedback-asia-south1.truecaller.com,True
truecaller,filter-store4-asia-south1.truecaller.com,True
truecaller,filter-store4.truecaller.com,True
truecaller,images-asia-south1.truecaller.com,True
truecaller,images.truecaller.com,True
truecaller,insights-categorizer-noneu.truecaller.com,True
truecaller,leadgen-asia-south1.truecaller.com,True
truecaller,messenger-previews-asia-south1.truecaller.com,True
truecaller,messenger-previews-noneu.truecaller.com,True
truecaller,messenger-previews.truecaller.com,True
truecaller,messenger-web-relay-compat-noneu.truecaller.com,True
truecaller,messenger-web-relay-noneu.truecaller.com,True
truecaller,nationalidverification-noneu.truecaller.com,True
truecaller,notifications5-asia-south1.truecaller.com,True
truecaller,notifications5.truecaller.com,True
truecaller,oauth-account-asia-south1.truecaller.com,True
truecaller,oauth-portal-asia-south1.truecaller.com,True
truecaller,oauth-portal-noneu.truecaller.com,True
truecaller,openid-noneu.truecaller.com,True
truecaller,opt-out-noneu.truecaller.com,True
truecaller,otp-callback-noneu.truecaller.com,True
truecaller,outline-asia-south1.truecaller.com,True
truecaller,outline-noneu.truecaller.com,True
truecaller,partner-account-asia-south1.truecaller.com,True
truecaller,partner-account-noneu.truecaller.com,True
truecaller,partners-search.truecaller.com,True
truecaller,phone-gateway-noneu.truecaller.com,True
truecaller,phonebook5-asia-south1.truecaller.com,True
truecaller,phonebook5.truecaller.com,True
truecaller,pixel-noneu.truecaller.com,True
truecaller,pixel.truecaller.com,True
truecaller,placement-rules-noneu.truecaller.com,True
truecaller,premium-noneu.truecaller.com,True
truecaller,presence-grpc-noneu.truecaller.com,True
truecaller,presence-grpc.truecaller.com,True
truecaller,profile-view-asia-south1.truecaller.com,True
truecaller,profile-view.truecaller.com,True
truecaller,profile4-asia-south1.truecaller.com,True
truecaller,profile4.truecaller.com,True
truecaller,push-callerid-noneu.truecaller.com,True
truecaller,pushid-asia-south1.truecaller.com,True
truecaller,recommended-contacts-noneu.truecaller.com,True
truecaller,referrals-asia-south1.truecaller.com,True
truecaller,request3-asia-south1.truecaller.com,True
truecaller,request3-noneu.truecaller.com,True
truecaller,sdk-apps-noneu.truecaller.com,True
truecaller,sdk-otp-verification-noneu.truecaller.com,True
truecaller,search-external-features-asia-south1.truecaller.com,True
truecaller,search-external-features-noneu.truecaller.com,True
truecaller,search-warnings-asia-south1.truecaller.com,True
truecaller,search-warnings-noneu.truecaller.com,True
truecaller,search5-asia-south1.truecaller.com,True
truecaller,search5.truecaller.com,True
truecaller,stores-api-noneu.truecaller.com,True
truecaller,survey-asia-south1.truecaller.com,True
truecaller,survey-noneu.truecaller.com,True
truecaller,tagging5-asia-south1.truecaller.com,True
truecaller,telecom-operator-data-asia-south1.truecaller.com,True
truecaller,telecom-operator-data-noneu.truecaller.com,True
truecaller,telecom-operator-data.truecaller.com,True
truecaller,topspammers-asia-south1.truecaller.com,True
truecaller,truehelper-noneu.truecaller.com,True
truecaller,unlist5-asia-south1.truecaller.com,True
truecaller,unlist5-noneu.truecaller.com,True
truecaller,unlist5.truecaller.com,True
truecaller,unwanted-communication-extension-noneu.truecaller.com,True
truecaller,upload3-asia-south1.truecaller.com,True
truecaller,upload3-noneu.truecaller.com,True
truecaller,url-metadata-noneu.truecaller.com,True
truecaller,user-archive-asia-south1.truecaller.com,True
truecaller,valid-names-noneu.truecaller.com,True
truecaller,verification-noneu.truecaller.com,True
truecaller,video-callerid-noneu.truecaller.com,True
truecaller,voip-asia-south1.truecaller.com,True
truecaller,web-consent-noneu.truecaller.com,True
truecaller,web.truecaller.com,True
truecaller,webdirectory-noneu.truecaller.com,True
truecaller,webonboarding-noneu.truecaller.com,True
truecaller,www.truecaller.com,True
truecaller,account-onboarding-eu.truecaller.com,True
truecaller,ads-segment-profile-eu.truecaller.com,True
truecaller,apple-subscription-monitor-eu.truecaller.com,True
truecaller,comments-eu.truecaller.com,True
truecaller,company-profile-eu.truecaller.com,True
truecaller,contact-lists-eu.truecaller.com,True
truecaller,contact-request-stateless-eu.truecaller.com,True
truecaller,email-verification-eu.truecaller.com,True
truecaller,enterprise-auth-eu.truecaller.com,True
truecaller,insights-categorizer-eu.truecaller.com,True
truecaller,insights-registry-eu.truecaller.com,True
truecaller,messenger-eu.truecaller.com,True
truecaller,messenger-previews-eu.truecaller.com,True
truecaller,messenger-web-eu.truecaller.com,True
truecaller,messenger-web-relay-compat-eu.truecaller.com,True
truecaller,messenger-web-relay-eu.truecaller.com,True
truecaller,messenger-web-relay-europe-west4.truecaller.com,True
truecaller,otp-callback-eu.truecaller.com,True
truecaller,partner-account-eu.truecaller.com,True
truecaller,phone-gateway-eu.truecaller.com,True
truecaller,premium-eu.truecaller.com,True
truecaller,presence-grpc-eu.truecaller.com,True
truecaller,push-callerid-eu.truecaller.com,True
truecaller,request3-eu.truecaller.com,True
truecaller,search-warnings-eu.truecaller.com,True
truecaller,subscription-monitor-eu.truecaller.com,True
truecaller,survey-eu.truecaller.com,True
truecaller,truehelper-eu.truecaller.com,True
truecaller,unlist5-eu.truecaller.com,True
truecaller,unwanted-communication-extension-eu.truecaller.com,True
truecaller,valid-names-eu.truecaller.com,True
truecaller,verification-eu.truecaller.com,True
truecaller,video-callerid-eu.truecaller.com,True
truecaller,webdirectory-eu.truecaller.com,True
truecaller,webonboarding-eu.truecaller.com,True